﻿<?xml version="1.0" encoding="utf-8"?>
<ThingDefs>
  <List>
    <ThingDef Type="Item" Name="Item_DeliveryServiceGodlyDefenseElixir" Parent="DanBase">
      <ThingName>Godly Defense Elixir</ThingName>
      <Rate>7</Rate>
      <Beauty>12</Beauty>
      <!-- <NoElementKind>1</NoElementKind> -->
      <ElementKind>None</ElementKind>
      <Desc>Increases body natural resilience, and pain tolerance by 10x each. Also Increases Qi Protecton for Inner Disciple by +10 (not limited by skill cap) Effects reduced to 10% each consumption.</Desc>
      <TexScale>0.8</TexScale>
      <TexPath>Spr\Object\Items\ImmortalCandy.png</TexPath>
      <Color>ccff00</Color>
      <OtherWorld>1</OtherWorld>
      <Item Lable="Dan" Kind="Consumable">
        <BeMade>
	  <WorkToMake>100</WorkToMake>
          <CostItems>
            <Item name="Item_LingStone" count="500" />
          </CostItems>
        </BeMade>
	<DevourDatas>
	   <li Name="Item_BodyPractice_XianDaoJingHua" Count="100" Rate="1"/>
	   <li Name="Item_BodyPractice_QiQing" Count="10" Rate="1"/>
	   <li Name="Item_BodyPractice_XuanYang" Count="10" Rate="1"/>
	   <li Name="Item_BodyPractice_Jian" Count="10" Rate="1"/>
	   <li Name="Item_BodyPractice_BaBao" Count="10" Rate="1"/>
	   <li Name="Item_BodyPractice_LingYu" Count="10" Rate="1"/>
	   <li Name="Item_BodyPractice_XuanYin" Count="10" Rate="1"/>
	</DevourDatas>
        <Prices>
          <TalkType>6</TalkType>
          <BaseCount>1</BaseCount>
          <li PriceTag="School">
            <BuyPrice Value="5000" />
            <SalePrice Value="5000" />
          </li>
          <li PriceTag="Trade">
            <BuyPrice Value="5000" />
            <SalePrice Value="5000" />
          </li>
          <li PriceTag="Auction">
            <BuyPrice Value="5000" />
            <SalePrice Value="5000" />
          </li>
        </Prices>
        <Food>
          <Nutrition>100</Nutrition>
          <Water>100</Water>
          <PracticeNutrition>9999</PracticeNutrition>
        </Food>
	<PhysicalLables>
		 <li>Smooth2</li>
		 <li>Hard1</li>
		 <li>GreatThing_Ling</li>
	</PhysicalLables>
        <Elixir>
          <ZhuJi>30000</ZhuJi>
          <Fesistance>0.1</Fesistance>
          <Ling>1000</Ling>
          <Modifier>Modifiers_DeliveryService_Toughxx</Modifier>
          <DiscipleOnly>0</DiscipleOnly>
        </Elixir>
      </Item>
      <Ling>
	 <AddionLing>300</AddionLing>
	 <AddionRadius>3</AddionRadius>
	 <AddionFailing>0.3</AddionFailing>
	 <AddionFailRadius>1</AddionFailRadius>
		
	 <Attenuation>0.9</Attenuation>
	 <Absorption>0.9</Absorption>
	 <Accommodate>3000</Accommodate>
      </Ling>
      <Element>
	<Kind>None</Kind>
	<Value>0</Value>   
      </Element>
    </ThingDef>

    <ThingDef Type="Item" Name="Item_DeliveryServiceGodlyStealthElixir" Parent="DanBase">
      <ThingName>Godly Stealth Elixir</ThingName>
      <Rate>7</Rate>
      <Beauty>12</Beauty>
      <!-- <NoElementKind>1</NoElementKind> -->
      <ElementKind>None</ElementKind>
      <Desc>Increases Stealth by +100 permanently, Effects reduced to 10 percent each consumption.</Desc>
      <TexScale>0.8</TexScale>
      <TexPath>Spr\Object\Items\ImmortalCandy.png</TexPath>
      <Color>ffcccc</Color>
      <OtherWorld>1</OtherWorld>
      <Item Lable="Dan" Kind="Consumable">
        <BeMade>
	  <WorkToMake>100</WorkToMake>
          <CostItems>
            <Item name="Item_LingStone" count="500" />
          </CostItems>
        </BeMade>
	<DevourDatas>
	   <li Name="Item_BodyPractice_XianDaoJingHua" Count="100" Rate="1"/>
	   <li Name="Item_BodyPractice_QiQing" Count="10" Rate="1"/>
	   <li Name="Item_BodyPractice_XuanYang" Count="10" Rate="1"/>
	   <li Name="Item_BodyPractice_Jian" Count="10" Rate="1"/>
	   <li Name="Item_BodyPractice_BaBao" Count="10" Rate="1"/>
	   <li Name="Item_BodyPractice_LingYu" Count="10" Rate="1"/>
	   <li Name="Item_BodyPractice_XuanYin" Count="10" Rate="1"/>
	</DevourDatas>
        <Prices>
          <TalkType>6</TalkType>
          <BaseCount>1</BaseCount>
          <li PriceTag="School">
            <BuyPrice Value="5000" />
            <SalePrice Value="5000" />
          </li>
          <li PriceTag="Trade">
            <BuyPrice Value="5000" />
            <SalePrice Value="5000" />
          </li>
          <li PriceTag="Auction">
            <BuyPrice Value="5000" />
            <SalePrice Value="5000" />
          </li>
        </Prices>
        <Food>
          <Nutrition>100</Nutrition>
          <Water>100</Water>
          <PracticeNutrition>9999</PracticeNutrition>
        </Food>
	<PhysicalLables>
		 <li>Smooth2</li>
		 <li>Hard1</li>
		 <li>GreatThing_Ling</li>
	</PhysicalLables>
        <Elixir>
          <ZhuJi>30000</ZhuJi>
          <Fesistance>0.1</Fesistance>
          <Ling>1000</Ling>
          <Modifier>Modifiers_DeliveryService_Stealthxx</Modifier>
          <DiscipleOnly>0</DiscipleOnly>
        </Elixir>
      </Item>
      <Ling>
	 <AddionLing>300</AddionLing>
	 <AddionRadius>3</AddionRadius>
	 <AddionFailing>0.3</AddionFailing>
	 <AddionFailRadius>1</AddionFailRadius>
		
	 <Attenuation>0.9</Attenuation>
	 <Absorption>0.9</Absorption>
	 <Accommodate>3000</Accommodate>
      </Ling>
      <Element>
	<Kind>None</Kind>
	<Value>0</Value>   
      </Element>
    </ThingDef>

    <ThingDef Type="Item" Name="Item_DeliveryServiceGodlyRelearnElixir" Parent="DanBase">
      <ThingName>Godly Relearn Elixir</ThingName>
      <Rate>7</Rate>
      <Beauty>12</Beauty>
      <!-- <NoElementKind>1</NoElementKind> -->
      <ElementKind>None</ElementKind>
      <Desc>Refresh knowledge attainment allowing temporarilly to ease with studying new knowledge. Reduce attainment by 100.</Desc>
      <TexScale>0.8</TexScale>
      <TexPath>Spr\Object\Items\ImmortalCandy.png</TexPath>
      <Color>FFFFFFFF</Color>
      <OtherWorld>1</OtherWorld>
      <Item Lable="Dan" Kind="Consumable">
        <BeMade>
	  <WorkToMake>100</WorkToMake>
          <CostItems>
            <Item name="Item_LingStone" count="500" />
          </CostItems>
        </BeMade>
	<DevourDatas>
	   <li Name="Item_BodyPractice_XianDaoJingHua" Count="100" Rate="1"/>
	   <li Name="Item_BodyPractice_QiQing" Count="10" Rate="1"/>
	   <li Name="Item_BodyPractice_XuanYang" Count="10" Rate="1"/>
	   <li Name="Item_BodyPractice_Jian" Count="10" Rate="1"/>
	   <li Name="Item_BodyPractice_BaBao" Count="10" Rate="1"/>
	   <li Name="Item_BodyPractice_LingYu" Count="10" Rate="1"/>
	   <li Name="Item_BodyPractice_XuanYin" Count="10" Rate="1"/>
	</DevourDatas>
        <Prices>
          <TalkType>6</TalkType>
          <BaseCount>1</BaseCount>
          <li PriceTag="School">
            <BuyPrice Value="5000" />
            <SalePrice Value="5000" />
          </li>
          <li PriceTag="Trade">
            <BuyPrice Value="5000" />
            <SalePrice Value="5000" />
          </li>
          <li PriceTag="Auction">
            <BuyPrice Value="5000" />
            <SalePrice Value="5000" />
          </li>
        </Prices>
        <Food>
          <Nutrition>100</Nutrition>
          <Water>100</Water>
          <PracticeNutrition>9999</PracticeNutrition>
        </Food>
	<PhysicalLables>
		 <li>Smooth2</li>
		 <li>Hard1</li>
		 <li>GreatThing_Ling</li>
	</PhysicalLables>
        <Elixir>
          <ZhuJi>30000</ZhuJi>
          <Ling>1000</Ling>
          <Modifier>Modifiers_DeliveryService_Relearnxx</Modifier>
          <DiscipleOnly>0</DiscipleOnly>
        </Elixir>
      </Item>
      <Ling>
	 <AddionLing>300</AddionLing>
	 <AddionRadius>3</AddionRadius>
	 <AddionFailing>0.3</AddionFailing>
	 <AddionFailRadius>1</AddionFailRadius>
		
	 <Attenuation>0.9</Attenuation>
	 <Absorption>0.9</Absorption>
	 <Accommodate>3000</Accommodate>
      </Ling>
      <Element>
	<Kind>None</Kind>
	<Value>0</Value>   
      </Element>
    </ThingDef>

    <ThingDef Type="Item" Name="Item_DeliveryServiceGodlyQiNutrient" Parent="DanBase">
      <ThingName>Godly Qi Nutrient</ThingName>
      <Rate>7</Rate>
      <Beauty>12</Beauty>
      <!-- <NoElementKind>1</NoElementKind> -->
      <ElementKind>None</ElementKind>
      <Desc>Alchemical substance which can increase Max Qi, by 100% and Artifact Qi recovery and Qi Absorption Efficiency by 10x.</Desc>
      <TexScale>0.8</TexScale>
      <TexPath>Spr\Object\Items\ImmortalCandy.png</TexPath>
      <Color>66ffff</Color>
      <OtherWorld>1</OtherWorld>
      <Item Lable="Dan" Kind="Consumable">
        <BeMade>
	  <WorkToMake>100</WorkToMake>
          <CostItems>
            <Item name="Item_LingStone" count="500" />
          </CostItems>
        </BeMade>
	<DevourDatas>
	   <li Name="Item_BodyPractice_XianDaoJingHua" Count="100" Rate="1"/>
	   <li Name="Item_BodyPractice_QiQing" Count="10" Rate="1"/>
	   <li Name="Item_BodyPractice_XuanYang" Count="10" Rate="1"/>
	   <li Name="Item_BodyPractice_Jian" Count="10" Rate="1"/>
	   <li Name="Item_BodyPractice_BaBao" Count="10" Rate="1"/>
	   <li Name="Item_BodyPractice_LingYu" Count="10" Rate="1"/>
	   <li Name="Item_BodyPractice_XuanYin" Count="10" Rate="1"/>
	</DevourDatas>
        <Prices>
          <TalkType>6</TalkType>
          <BaseCount>1</BaseCount>
          <li PriceTag="School">
            <BuyPrice Value="5000" />
            <SalePrice Value="5000" />
          </li>
          <li PriceTag="Trade">
            <BuyPrice Value="5000" />
            <SalePrice Value="5000" />
          </li>
          <li PriceTag="Auction">
            <BuyPrice Value="5000" />
            <SalePrice Value="5000" />
          </li>
        </Prices>
        <Food>
          <Nutrition>100</Nutrition>
          <Water>100</Water>
          <PracticeNutrition>9999</PracticeNutrition>
        </Food>
	<PhysicalLables>
		 <li>Smooth2</li>
		 <li>Hard1</li>
		 <li>GreatThing_Ling</li>
	</PhysicalLables>
        <Elixir>
          <ZhuJi>30000</ZhuJi>
          <Ling>1000</Ling>
          <Modifier>Modifiers_DeliveryService_MaxQixx</Modifier>
          <DiscipleOnly>0</DiscipleOnly>
        </Elixir>
      </Item>
      <Ling>
	 <AddionLing>300</AddionLing>
	 <AddionRadius>3</AddionRadius>
	 <AddionFailing>0.3</AddionFailing>
	 <AddionFailRadius>1</AddionFailRadius>
		
	 <Attenuation>0.9</Attenuation>
	 <Absorption>0.9</Absorption>
	 <Accommodate>3000</Accommodate>
      </Ling>
      <Element>
	<Kind>None</Kind>
	<Value>0</Value>   
      </Element>
    </ThingDef>

    <ThingDef Type="Item" Name="Item_DeliveryServiceGodlyLearnerElixir" Parent="DanBase">
      <ThingName>Godly Learner Elixir</ThingName>
      <Rate>7</Rate>
      <Beauty>12</Beauty>
      <!-- <NoElementKind>1</NoElementKind> -->
      <ElementKind>None</ElementKind>
      <Desc>Increases XP by 1 Million, Increases foundation training speed and core practitioner learning speed by 100% each. It can also enlight animal if feeds to them. </Desc>
      <TexScale>0.8</TexScale>
      <TexPath>Spr\Object\Items\ImmortalCandy.png</TexPath>
      <Color>6699ff</Color>
      <OtherWorld>1</OtherWorld>
      <Item Lable="Dan" Kind="Consumable">
        <BeMade>
	  <WorkToMake>100</WorkToMake>
          <CostItems>
            <Item name="Item_LingStone" count="500" />
          </CostItems>
        </BeMade>
	<DevourDatas>
	   <li Name="Item_BodyPractice_XianDaoJingHua" Count="100" Rate="1"/>
	   <li Name="Item_BodyPractice_QiQing" Count="10" Rate="1"/>
	   <li Name="Item_BodyPractice_XuanYang" Count="10" Rate="1"/>
	   <li Name="Item_BodyPractice_Jian" Count="10" Rate="1"/>
	   <li Name="Item_BodyPractice_BaBao" Count="10" Rate="1"/>
	   <li Name="Item_BodyPractice_LingYu" Count="10" Rate="1"/>
	   <li Name="Item_BodyPractice_XuanYin" Count="10" Rate="1"/>
	</DevourDatas>
        <Prices>
          <TalkType>6</TalkType>
          <BaseCount>1</BaseCount>
          <li PriceTag="School">
            <BuyPrice Value="5000" />
            <SalePrice Value="5000" />
          </li>
          <li PriceTag="Trade">
            <BuyPrice Value="5000" />
            <SalePrice Value="5000" />
          </li>
          <li PriceTag="Auction">
            <BuyPrice Value="5000" />
            <SalePrice Value="5000" />
          </li>
        </Prices>
        <Food>
          <Nutrition>100</Nutrition>
          <Water>100</Water>
          <PracticeNutrition>9999</PracticeNutrition>
        </Food>
	<PhysicalLables>
		 <li>Smooth2</li>
		 <li>Hard1</li>
		 <li>GreatThing_Ling</li>
	</PhysicalLables>
        <Elixir>
          <ZhuJi>30000</ZhuJi>
          <Ling>1000</Ling>
	  <TreeExp>1000000</TreeExp>
          <Modifier>Modifiers_DeliveryService_Learnxx</Modifier>
	  <UnLockThink>
	    <li>
		<OpenMind>1</OpenMind>
	    </li>
	  </UnLockThink>

          <DiscipleOnly>0</DiscipleOnly>
        </Elixir>
      </Item>
      <Ling>
	 <AddionLing>300</AddionLing>
	 <AddionRadius>3</AddionRadius>
	 <AddionFailing>0.3</AddionFailing>
	 <AddionFailRadius>1</AddionFailRadius>
		
	 <Attenuation>0.9</Attenuation>
	 <Absorption>0.9</Absorption>
	 <Accommodate>3000</Accommodate>
      </Ling>
      <Element>
	<Kind>None</Kind>
	<Value>0</Value>   
      </Element>
    </ThingDef>

    <ThingDef Type="Item" Name="Item_DeliveryServiceGodlySightElixir" Parent="DanBase">
      <ThingName>Godly Sight Elixir</ThingName>
      <Rate>7</Rate>
      <Beauty>12</Beauty>
      <!-- <NoElementKind>1</NoElementKind> -->
      <ElementKind>None</ElementKind>
      <Desc>Increases perception radius by +10. Effects reduced to 10 percent each consumption.</Desc>
      <TexScale>0.8</TexScale>
      <TexPath>Spr\Object\Items\ImmortalCandy.png</TexPath>
      <Color>ff66cc</Color>
      <OtherWorld>1</OtherWorld>
      <Item Lable="Dan" Kind="Consumable">
        <BeMade>
	  <WorkToMake>100</WorkToMake>
          <CostItems>
            <Item name="Item_LingStone" count="500" />
          </CostItems>
        </BeMade>
	<DevourDatas>
	   <li Name="Item_BodyPractice_XianDaoJingHua" Count="100" Rate="1"/>
	   <li Name="Item_BodyPractice_QiQing" Count="10" Rate="1"/>
	   <li Name="Item_BodyPractice_XuanYang" Count="10" Rate="1"/>
	   <li Name="Item_BodyPractice_Jian" Count="10" Rate="1"/>
	   <li Name="Item_BodyPractice_BaBao" Count="10" Rate="1"/>
	   <li Name="Item_BodyPractice_LingYu" Count="10" Rate="1"/>
	   <li Name="Item_BodyPractice_XuanYin" Count="10" Rate="1"/>
	</DevourDatas>
        <Prices>
          <TalkType>6</TalkType>
          <BaseCount>1</BaseCount>
          <li PriceTag="School">
            <BuyPrice Value="5000" />
            <SalePrice Value="5000" />
          </li>
          <li PriceTag="Trade">
            <BuyPrice Value="5000" />
            <SalePrice Value="5000" />
          </li>
          <li PriceTag="Auction">
            <BuyPrice Value="5000" />
            <SalePrice Value="5000" />
          </li>
        </Prices>
        <Food>
          <Nutrition>100</Nutrition>
          <Water>100</Water>
          <PracticeNutrition>9999</PracticeNutrition>
        </Food>
	<PhysicalLables>
		 <li>Smooth2</li>
		 <li>Hard1</li>
		 <li>GreatThing_Ling</li>
	</PhysicalLables>
        <Elixir>
          <ZhuJi>30000</ZhuJi>
          <Fesistance>0.1</Fesistance>
          <Ling>1000</Ling>
          <Modifier>Modifiers_DeliveryService_Sightxx</Modifier>
          <DiscipleOnly>0</DiscipleOnly>
        </Elixir>
      </Item>
      <Ling>
	 <AddionLing>300</AddionLing>
	 <AddionRadius>3</AddionRadius>
	 <AddionFailing>0.3</AddionFailing>
	 <AddionFailRadius>1</AddionFailRadius>
		
	 <Attenuation>0.9</Attenuation>
	 <Absorption>0.9</Absorption>
	 <Accommodate>3000</Accommodate>
      </Ling>
      <Element>
	<Kind>None</Kind>
	<Value>0</Value>   
      </Element>
    </ThingDef>

    <ThingDef Type="Item" Name="Item_DeliveryServiceGodlyPanaceae" Parent="DanBase">
      <ThingName>Godly Panaceae</ThingName>
      <Rate>7</Rate>
      <Beauty>12</Beauty>
      <!-- <NoElementKind>1</NoElementKind> -->
      <ElementKind>None</ElementKind>
      <Desc>Alchemcal substance to cure all kind of illness.</Desc>
      <TexScale>0.8</TexScale>
      <TexPath>Spr\Object\Items\ImmortalCandy.png</TexPath>
      <Color>66ffff</Color>
      <OtherWorld>0</OtherWorld>
      <Item Lable="Dan" Kind="Consumable">
        <BeMade>
	  <WorkToMake>100</WorkToMake>
          <CostItems>
            <Item name="Item_LingStone" count="500" />
          </CostItems>
        </BeMade>
	<DevourDatas>
	   <li Name="Item_BodyPractice_XianDaoJingHua" Count="100" Rate="1"/>
	   <li Name="Item_BodyPractice_QiQing" Count="10" Rate="1"/>
	   <li Name="Item_BodyPractice_XuanYang" Count="10" Rate="1"/>
	   <li Name="Item_BodyPractice_Jian" Count="10" Rate="1"/>
	   <li Name="Item_BodyPractice_BaBao" Count="10" Rate="1"/>
	   <li Name="Item_BodyPractice_LingYu" Count="10" Rate="1"/>
	   <li Name="Item_BodyPractice_XuanYin" Count="10" Rate="1"/>
	</DevourDatas>
        <Prices>
          <TalkType>6</TalkType>
          <BaseCount>1</BaseCount>
          <Fixed>1</Fixed>
          <li PriceTag="School">
            <BuyPrice Value="5000" />
            <SalePrice Value="5000" />
          </li>
          <li PriceTag="Trade">
            <BuyPrice Value="5000" />
            <SalePrice Value="5000" />
          </li>
          <li PriceTag="Auction">
            <BuyPrice Value="5000" />
            <SalePrice Value="5000" />
          </li>
        </Prices>
        <Food>
          <Nutrition>100</Nutrition>
          <Water>100</Water>
          <PracticeNutrition>9999</PracticeNutrition>
        </Food>
	<PhysicalLables>
		 <li>Smooth2</li>
		 <li>Hard1</li>
		 <li>GreatThing_Ling</li>
	</PhysicalLables>
	<Drug>
		<Value>1000</Value>
		<Duration>0.04</Duration>
		<Parts>
			<li>Any</li>
			<li>Bone</li>
			<li>Organ</li>
			<li>Flesh</li>
			<li>Virtual</li>
		</Parts>
	</Drug>
        <Elixir>
          <ZhuJi>30000</ZhuJi>
          <Ling>1000</Ling>
	  <Modifier>Dan_IncreaseLife4</Modifier>
	  <RecoveryLable>
		 <li>Dfood</li>
		 <li>None</li>
		 <li>OldScar</li>
		 <li>Jin</li>
		 <li>Mu</li>
		 <li>Shui</li>
		 <li>Huo</li>
		 <li>Tu</li>
		 <li>Ling</li>
		 <li>Poison</li>
		 <li>Soul</li>
	  </RecoveryLable>
	  <RecoveryValue>1000</RecoveryValue>
	  <RecoveryDuration>0.04</RecoveryDuration>

          <DiscipleOnly>0</DiscipleOnly>
        </Elixir>
      </Item>
      <Ling>
	 <AddionLing>300</AddionLing>
	 <AddionRadius>3</AddionRadius>
	 <AddionFailing>0.3</AddionFailing>
	 <AddionFailRadius>1</AddionFailRadius>
		
	 <Attenuation>0.9</Attenuation>
	 <Absorption>0.9</Absorption>
	 <Accommodate>3000</Accommodate>
      </Ling>
      <Element>
	<Kind>None</Kind>
	<Value>0</Value>   
      </Element>
    </ThingDef>

    <ThingDef Type="Item" Name="Item_DeliveryServiceGodlyMentalElixir" Parent="DanBase">
      <ThingName>Godly Mental Elixir</ThingName>
      <Rate>7</Rate>
      <Beauty>12</Beauty>
      <!-- <NoElementKind>1</NoElementKind> -->
      <ElementKind>None</ElementKind>
      <Desc>Increases Base Mental state stability speed of mental state change by +100 each permanently. Effects reduced to 10 percent each consumption.</Desc>
      <TexScale>0.8</TexScale>
      <TexPath>Spr\Object\Items\ImmortalCandy.png</TexPath>
      <Color>99ff99</Color>
      <OtherWorld>1</OtherWorld>
      <Item Lable="Dan" Kind="Consumable">
        <BeMade>
	  <WorkToMake>100</WorkToMake>
          <CostItems>
            <Item name="Item_LingStone" count="500" />
          </CostItems>
        </BeMade>
	<DevourDatas>
	   <li Name="Item_BodyPractice_XianDaoJingHua" Count="100" Rate="1"/>
	   <li Name="Item_BodyPractice_QiQing" Count="10" Rate="1"/>
	   <li Name="Item_BodyPractice_XuanYang" Count="10" Rate="1"/>
	   <li Name="Item_BodyPractice_Jian" Count="10" Rate="1"/>
	   <li Name="Item_BodyPractice_BaBao" Count="10" Rate="1"/>
	   <li Name="Item_BodyPractice_LingYu" Count="10" Rate="1"/>
	   <li Name="Item_BodyPractice_XuanYin" Count="10" Rate="1"/>
	</DevourDatas>
        <Prices>
          <TalkType>6</TalkType>
          <BaseCount>1</BaseCount>
          <li PriceTag="School">
            <BuyPrice Value="5000" />
            <SalePrice Value="5000" />
          </li>
          <li PriceTag="Trade">
            <BuyPrice Value="5000" />
            <SalePrice Value="5000" />
          </li>
          <li PriceTag="Auction">
            <BuyPrice Value="5000" />
            <SalePrice Value="5000" />
          </li>
        </Prices>
        <Food>
          <Nutrition>100</Nutrition>
          <Water>100</Water>
          <PracticeNutrition>9999</PracticeNutrition>
        </Food>
	<PhysicalLables>
		 <li>Smooth2</li>
		 <li>Hard1</li>
		 <li>GreatThing_Ling</li>
	</PhysicalLables>
        <Elixir>
          <ZhuJi>30000</ZhuJi>
          <Fesistance>0.1</Fesistance>
          <Ling>1000</Ling>
          <Modifier>Modifiers_DeliveryService_Mentalxx</Modifier>
          <DiscipleOnly>0</DiscipleOnly>
        </Elixir>
      </Item>
      <Ling>
	 <AddionLing>300</AddionLing>
	 <AddionRadius>3</AddionRadius>
	 <AddionFailing>0.3</AddionFailing>
	 <AddionFailRadius>1</AddionFailRadius>
		
	 <Attenuation>0.9</Attenuation>
	 <Absorption>0.9</Absorption>
	 <Accommodate>3000</Accommodate>
      </Ling>
      <Element>
	<Kind>None</Kind>
	<Value>0</Value>   
      </Element>
    </ThingDef>

    <ThingDef Type="Item" Name="Item_DeliveryServiceGodlyVirtueElixir" Parent="DanBase">
      <ThingName>Godly Virtue Elixir</ThingName>
      <Rate>7</Rate>
      <Beauty>12</Beauty>
      <!-- <NoElementKind>1</NoElementKind> -->
      <ElementKind>None</ElementKind>
      <Desc>Increases Virtue by +1 and extends tribulation day counter. </Desc>
      <TexScale>0.8</TexScale>
      <TexPath>Spr\Object\Items\ImmortalCandy.png</TexPath>
      <Color>FFFFFFFF</Color>
      <OtherWorld>1</OtherWorld>
      <Item Lable="Dan" Kind="Consumable">
        <BeMade>
	  <WorkToMake>100</WorkToMake>
          <CostItems>
            <Item name="Item_LingStone" count="500" />
          </CostItems>
        </BeMade>
	<DevourDatas>
	   <li Name="Item_BodyPractice_XianDaoJingHua" Count="100" Rate="1"/>
	   <li Name="Item_BodyPractice_QiQing" Count="10" Rate="1"/>
	   <li Name="Item_BodyPractice_XuanYang" Count="10" Rate="1"/>
	   <li Name="Item_BodyPractice_Jian" Count="10" Rate="1"/>
	   <li Name="Item_BodyPractice_BaBao" Count="10" Rate="1"/>
	   <li Name="Item_BodyPractice_LingYu" Count="10" Rate="1"/>
	   <li Name="Item_BodyPractice_XuanYin" Count="10" Rate="1"/>
	</DevourDatas>
        <Prices>
          <TalkType>6</TalkType>
          <BaseCount>1</BaseCount>
          <li PriceTag="School">
            <BuyPrice Value="5000" />
            <SalePrice Value="5000" />
          </li>
          <li PriceTag="Trade">
            <BuyPrice Value="5000" />
            <SalePrice Value="5000" />
          </li>
          <li PriceTag="Auction">
            <BuyPrice Value="5000" />
            <SalePrice Value="5000" />
          </li>
        </Prices>
        <Food>
          <Nutrition>100</Nutrition>
          <Water>100</Water>
          <PracticeNutrition>9999</PracticeNutrition>
        </Food>
	<PhysicalLables>
		 <li>Smooth2</li>
		 <li>Hard1</li>
		 <li>GreatThing_Ling</li>
	</PhysicalLables>
        <Elixir>
          <ZhuJi>30000</ZhuJi>
          <Ling>1000</Ling>
          <Modifier>Modifiers_DeliveryService_Virtuexx</Modifier>
	  <Modifier>Dan_IncreaseNeckCountdown1</Modifier>
          <DiscipleOnly>0</DiscipleOnly>
        </Elixir>
      </Item>
      <Ling>
	 <AddionLing>300</AddionLing>
	 <AddionRadius>3</AddionRadius>
	 <AddionFailing>0.3</AddionFailing>
	 <AddionFailRadius>1</AddionFailRadius>
		
	 <Attenuation>0.9</Attenuation>
	 <Absorption>0.9</Absorption>
	 <Accommodate>3000</Accommodate>
      </Ling>
      <Element>
	<Kind>None</Kind>
	<Value>0</Value>   
      </Element>
    </ThingDef>

    <ThingDef Type="Item" Name="Item_DeliveryServiceGodlyStatEnhancer" Parent="DanBase">
      <ThingName>Godly Stat Enhancer</ThingName>
      <Rate>7</Rate>
      <Beauty>12</Beauty>
      <!-- <NoElementKind>1</NoElementKind> -->
      <ElementKind>None</ElementKind>
      <Desc>Alchemical substance which increases attributes massively. Increases all attributes by +10 (limited by cap, also raise Potential by +10). Reduced effects to 10% each use.  </Desc>
      <TexScale>0.8</TexScale>
      <TexPath>Spr\Object\Items\ImmortalCandy.png</TexPath>
      <Color>66ff66</Color>
      <OtherWorld>1</OtherWorld>
      <Item Lable="Dan" Kind="Consumable">
        <BeMade>
	  <WorkToMake>100</WorkToMake>
          <CostItems>
            <Item name="Item_LingStone" count="500" />
          </CostItems>
        </BeMade>
	<DevourDatas>
	   <li Name="Item_BodyPractice_XianDaoJingHua" Count="100" Rate="1"/>
	   <li Name="Item_BodyPractice_QiQing" Count="10" Rate="1"/>
	   <li Name="Item_BodyPractice_XuanYang" Count="10" Rate="1"/>
	   <li Name="Item_BodyPractice_Jian" Count="10" Rate="1"/>
	   <li Name="Item_BodyPractice_BaBao" Count="10" Rate="1"/>
	   <li Name="Item_BodyPractice_LingYu" Count="10" Rate="1"/>
	   <li Name="Item_BodyPractice_XuanYin" Count="10" Rate="1"/>
	</DevourDatas>
        <Prices>
          <TalkType>6</TalkType>
          <BaseCount>1</BaseCount>
          <li PriceTag="School">
            <BuyPrice Value="5000" />
            <SalePrice Value="5000" />
          </li>
          <li PriceTag="Trade">
            <BuyPrice Value="5000" />
            <SalePrice Value="5000" />
          </li>
          <li PriceTag="Auction">
            <BuyPrice Value="5000" />
            <SalePrice Value="5000" />
          </li>
        </Prices>
        <Food>
          <Nutrition>100</Nutrition>
          <Water>100</Water>
          <PracticeNutrition>9999</PracticeNutrition>
        </Food>
	<PhysicalLables>
		 <li>Smooth2</li>
		 <li>Hard1</li>
		 <li>GreatThing_Ling</li>
	</PhysicalLables>
        <Elixir>
          <ZhuJi>30000</ZhuJi>
          <Fesistance>0.1</Fesistance>
          <Ling>1000</Ling>
          <Modifier>Modifiers_DeliveryService_Statxx</Modifier>
          <DiscipleOnly>0</DiscipleOnly>
        </Elixir>
      </Item>
      <Ling>
	 <AddionLing>300</AddionLing>
	 <AddionRadius>3</AddionRadius>
	 <AddionFailing>0.3</AddionFailing>
	 <AddionFailRadius>1</AddionFailRadius>
		
	 <Attenuation>0.9</Attenuation>
	 <Absorption>0.9</Absorption>
	 <Accommodate>3000</Accommodate>
      </Ling>
      <Element>
	<Kind>None</Kind>
	<Value>0</Value>   
      </Element>
    </ThingDef>

    <ThingDef Type="Item" Name="Item_DeliveryServiceGodlySkillEnhancer" Parent="DanBase">
      <ThingName>Godly Skill Enhancer</ThingName>
      <Rate>7</Rate>
      <Beauty>12</Beauty>
      <!-- <NoElementKind>1</NoElementKind> -->
      <ElementKind>None</ElementKind>
      <Desc>Alchemical substance which increases skill proficiency massively. Reduced effects to 10% each use. </Desc>
      <TexScale>0.8</TexScale>
      <TexPath>Spr\Object\Items\ImmortalCandy.png</TexPath>
      <Color>ff99ff</Color>
      <OtherWorld>1</OtherWorld>
      <Item Lable="Dan" Kind="Consumable">
        <BeMade>
	  <WorkToMake>100</WorkToMake>
          <CostItems>
            <Item name="Item_LingStone" count="500" />
          </CostItems>
        </BeMade>
        <Prices>
          <TalkType>6</TalkType>
          <BaseCount>1</BaseCount>
          <li PriceTag="School">
            <BuyPrice Value="5000" />
            <SalePrice Value="5000" />
          </li>
          <li PriceTag="Trade">
            <BuyPrice Value="5000" />
            <SalePrice Value="5000" />
          </li>
          <li PriceTag="Auction">
            <BuyPrice Value="5000" />
            <SalePrice Value="5000" />
          </li>
        </Prices>
        <Food>
          <Nutrition>100</Nutrition>
          <Water>100</Water>
          <PracticeNutrition>9999</PracticeNutrition>
        </Food>
	<PhysicalLables>
		 <li>Smooth2</li>
		 <li>Hard1</li>
		 <li>GreatThing_Ling</li>
	</PhysicalLables>
        <Elixir>
          <ZhuJi>30000</ZhuJi>
          <Fesistance>0.1</Fesistance>
          <Ling>1000</Ling>
          <Modifier>Modifiers_DeliveryService_Skillxx</Modifier>
          <DiscipleOnly>0</DiscipleOnly>
        </Elixir>
      </Item>
      <Element>
	<Kind>None</Kind>
	<Value>0</Value>   
      </Element>
    </ThingDef>

    <ThingDef Type="Item" Name="Item_DeliveryServiceGodlyRunnerElixir" Parent="DanBase">
      <ThingName>Godly Runner Elixir</ThingName>
      <Rate>7</Rate>
      <Beauty>12</Beauty>
      <!-- <NoElementKind>1</NoElementKind> -->
      <ElementKind>None</ElementKind>
      <Desc>Increases Move, and Fly Speed by +100%. Effects reduced to 10 percent each consumption.</Desc>
      <TexScale>0.8</TexScale>
      <TexPath>Spr\Object\Items\ImmortalCandy.png</TexPath>
      <Color>ffcc33</Color>
      <OtherWorld>1</OtherWorld>
      <Item Lable="Dan" Kind="Consumable">
        <BeMade>
	  <WorkToMake>100</WorkToMake>
          <CostItems>
            <Item name="Item_LingStone" count="500" />
          </CostItems>
        </BeMade>
	<DevourDatas>
	   <li Name="Item_BodyPractice_XianDaoJingHua" Count="100" Rate="1"/>
	   <li Name="Item_BodyPractice_QiQing" Count="10" Rate="1"/>
	   <li Name="Item_BodyPractice_XuanYang" Count="10" Rate="1"/>
	   <li Name="Item_BodyPractice_Jian" Count="10" Rate="1"/>
	   <li Name="Item_BodyPractice_BaBao" Count="10" Rate="1"/>
	   <li Name="Item_BodyPractice_LingYu" Count="10" Rate="1"/>
	   <li Name="Item_BodyPractice_XuanYin" Count="10" Rate="1"/>
	</DevourDatas>
        <Prices>
          <TalkType>6</TalkType>
          <BaseCount>1</BaseCount>
          <li PriceTag="School">
            <BuyPrice Value="5000" />
            <SalePrice Value="5000" />
          </li>
          <li PriceTag="Trade">
            <BuyPrice Value="5000" />
            <SalePrice Value="5000" />
          </li>
          <li PriceTag="Auction">
            <BuyPrice Value="5000" />
            <SalePrice Value="5000" />
          </li>
        </Prices>
        <Food>
          <Nutrition>100</Nutrition>
          <Water>100</Water>
          <PracticeNutrition>9999</PracticeNutrition>
        </Food>
	<PhysicalLables>
		 <li>Smooth2</li>
		 <li>Hard1</li>
		 <li>GreatThing_Ling</li>
	</PhysicalLables>
        <Elixir>
          <ZhuJi>30000</ZhuJi>
          <Fesistance>0.1</Fesistance>
          <Ling>1000</Ling>
          <Modifier>Modifiers_DeliveryService_Runxx</Modifier>
          <DiscipleOnly>0</DiscipleOnly>
        </Elixir>
      </Item>
      <Ling>
	 <AddionLing>300</AddionLing>
	 <AddionRadius>3</AddionRadius>
	 <AddionFailing>0.3</AddionFailing>
	 <AddionFailRadius>1</AddionFailRadius>
		
	 <Attenuation>0.9</Attenuation>
	 <Absorption>0.9</Absorption>
	 <Accommodate>3000</Accommodate>
      </Ling>
      <Element>
	<Kind>None</Kind>
	<Value>0</Value>   
      </Element>
    </ThingDef>

    <ThingDef Type="Item" Name="Item_DeliveryServiceGodlyHellAdapter" Parent="DanBase">
      <ThingName>Godly Hell Adapter</ThingName>
      <Rate>7</Rate>
      <Beauty>12</Beauty>
      <!-- <NoElementKind>1</NoElementKind> -->
      <ElementKind>None</ElementKind>
      <Desc>Increases temperature adaptability massively permanently. Reduced effects to 10% each use.</Desc>
      <TexScale>0.8</TexScale>
      <TexPath>Spr\Object\Items\ImmortalCandy.png</TexPath>
      <Color>ff3333</Color>
      <OtherWorld>1</OtherWorld>
      <Item Lable="Dan" Kind="Consumable">
        <BeMade>
	  <WorkToMake>100</WorkToMake>
          <CostItems>
            <Item name="Item_LingStone" count="500" />
          </CostItems>
        </BeMade>
        <Prices>
          <TalkType>6</TalkType>
          <BaseCount>1</BaseCount>
          <li PriceTag="School">
            <BuyPrice Value="5000" />
            <SalePrice Value="5000" />
          </li>
          <li PriceTag="Trade">
            <BuyPrice Value="5000" />
            <SalePrice Value="5000" />
          </li>
          <li PriceTag="Auction">
            <BuyPrice Value="5000" />
            <SalePrice Value="5000" />
          </li>
        </Prices>
        <Food>
          <Nutrition>100</Nutrition>
          <Water>100</Water>
          <PracticeNutrition>9999</PracticeNutrition>
        </Food>
	<PhysicalLables>
		 <li>Smooth2</li>
		 <li>Hard1</li>
		 <li>GreatThing_Ling</li>
	</PhysicalLables>
        <Elixir>
          <ZhuJi>30000</ZhuJi>
          <Fesistance>0.1</Fesistance>
          <Ling>1000</Ling>
          <Modifier>Modifiers_DeliveryService_Tempxx</Modifier>
          <DiscipleOnly>0</DiscipleOnly>
          <Modifier>Modifier_Item_Dan_FabaoNumAdd</Modifier>
        </Elixir>
      </Item>
      <Element>
	<Kind>None</Kind>
	<Value>0</Value>   
      </Element>
    </ThingDef>

    <ThingDef Type="Item" Name="Item_DeliveryServiceGodlySoulForger" Parent="DanBase">
      <ThingName>Godly Soul Forger</ThingName>
      <Rate>7</Rate>
      <Beauty>12</Beauty>
      <!-- <NoElementKind>1</NoElementKind> -->
      <ElementKind>None</ElementKind>
      <Desc>Increases number of usable artifacts and subspirits by +1.</Desc>
      <TexScale>0.8</TexScale>
      <TexPath>Spr\Object\Items\ImmortalCandy.png</TexPath>
      <Color>ff3333</Color>
      <OtherWorld>1</OtherWorld>
      <Item Lable="Dan" Kind="Consumable">
        <BeMade>
	  <WorkToMake>100</WorkToMake>
          <CostItems>
            <Item name="Item_LingCrystal" count="10" />
          </CostItems>
        </BeMade>
	<DevourDatas>
	   <li Name="Item_BodyPractice_XianDaoJingHua" Count="100" Rate="1"/>
	   <li Name="Item_BodyPractice_QiQing" Count="10" Rate="1"/>
	   <li Name="Item_BodyPractice_XuanYang" Count="10" Rate="1"/>
	   <li Name="Item_BodyPractice_Jian" Count="10" Rate="1"/>
	   <li Name="Item_BodyPractice_BaBao" Count="10" Rate="1"/>
	   <li Name="Item_BodyPractice_LingYu" Count="10" Rate="1"/>
	   <li Name="Item_BodyPractice_XuanYin" Count="10" Rate="1"/>
	</DevourDatas>
        <Prices>
          <TalkType>6</TalkType>
          <BaseCount>1</BaseCount>
          <li PriceTag="School">
            <BuyPrice Value="10000" />
            <SalePrice Value="10000" />
          </li>
          <li PriceTag="Trade">
            <BuyPrice Value="10000" />
            <SalePrice Value="10000" />
          </li>
          <li PriceTag="Auction">
            <BuyPrice Value="10000" />
            <SalePrice Value="10000" />
          </li>
        </Prices>
        <Food>
          <Nutrition>100</Nutrition>
          <Water>100</Water>
          <PracticeNutrition>9999</PracticeNutrition>
        </Food>
	<PhysicalLables>
		 <li>Smooth2</li>
		 <li>Hard1</li>
		 <li>GreatThing_Ling</li>
	</PhysicalLables>
        <Elixir>
          <ZhuJi>30000</ZhuJi>
          <Ling>1000</Ling>
          <DiscipleOnly>0</DiscipleOnly>
	  <GodSoulCount>1</GodSoulCount>
          <Modifier>Modifier_Item_Dan_FabaoNumAdd</Modifier>
        </Elixir>
      </Item>
      <Ling>
	 <AddionLing>300</AddionLing>
	 <AddionRadius>3</AddionRadius>
	 <AddionFailing>0.3</AddionFailing>
	 <AddionFailRadius>1</AddionFailRadius>
		
	 <Attenuation>0.9</Attenuation>
	 <Absorption>0.9</Absorption>
	 <Accommodate>3000</Accommodate>
      </Ling>
      <Element>
	<Kind>None</Kind>
	<Value>0</Value>   
      </Element>
    </ThingDef>

    <ThingDef Type="Item" Name="Item_DeliveryServiceGodlyRebirthElixir" Parent="DanBase">
      <ThingName>Godly Rebirth Elixir</ThingName>
      <Rate>7</Rate>
      <Beauty>12</Beauty>
      <!-- <NoElementKind>1</NoElementKind> -->
      <ElementKind>None</ElementKind>
      <Desc>Ancient substance for reincarnation it can help rebirth process in the best way possible.</Desc>
      <TexScale>0.8</TexScale>
      <TexPath>Spr\Object\Items\ImmortalCandy.png</TexPath>
      <Color>ff3333</Color>
      <OtherWorld>1</OtherWorld>
      <Item Lable="Dan" Kind="Consumable">
        <BeMade>
	  <WorkToMake>100</WorkToMake>
          <CostItems>
            <Item name="Item_LingCrystal" count="5" />
          </CostItems>
        </BeMade>
	<DevourDatas>
	   <li Name="Item_BodyPractice_XianDaoJingHua" Count="100" Rate="1"/>
	   <li Name="Item_BodyPractice_QiQing" Count="10" Rate="1"/>
	   <li Name="Item_BodyPractice_XuanYang" Count="10" Rate="1"/>
	   <li Name="Item_BodyPractice_Jian" Count="10" Rate="1"/>
	   <li Name="Item_BodyPractice_BaBao" Count="10" Rate="1"/>
	   <li Name="Item_BodyPractice_LingYu" Count="10" Rate="1"/>
	   <li Name="Item_BodyPractice_XuanYin" Count="10" Rate="1"/>
	</DevourDatas>
        <Prices>
          <TalkType>6</TalkType>
          <BaseCount>1</BaseCount>
          <li PriceTag="School">
            <BuyPrice Value="10000" />
            <SalePrice Value="10000" />
          </li>
          <li PriceTag="Trade">
            <BuyPrice Value="10000" />
            <SalePrice Value="10000" />
          </li>
          <li PriceTag="Auction">
            <BuyPrice Value="10000" />
            <SalePrice Value="10000" />
          </li>
        </Prices>
        <Food>
          <Nutrition>100</Nutrition>
          <Water>100</Water>
          <PracticeNutrition>9999</PracticeNutrition>
        </Food>
	<PhysicalLables>
		 <li>Smooth2</li>
		 <li>Hard1</li>
		 <li>GreatThing_Ling</li>
	</PhysicalLables>
        <Elixir>
          <DiscipleOnly>0</DiscipleOnly>
	  <Lingering>1</Lingering>
	  <Reborn>4</Reborn>
          <ZhuJi>30000</ZhuJi>
          <Ling>1000</Ling>
        </Elixir>
      </Item>
      <Ling>
	 <AddionLing>300</AddionLing>
	 <AddionRadius>3</AddionRadius>
	 <AddionFailing>0.3</AddionFailing>
	 <AddionFailRadius>1</AddionFailRadius>
		
	 <Attenuation>0.9</Attenuation>
	 <Absorption>0.9</Absorption>
	 <Accommodate>3000</Accommodate>
      </Ling>
      <Element>
	<Kind>None</Kind>
	<Value>0</Value>   
      </Element>
    </ThingDef>

  </List>
</ThingDefs>