﻿<Experiences><List>
	<Experience Name="DeliveryServicemmortalCandies_Esoterica1" Group="DeliveryServicemmortalCandies_Esoterica1">
		<DisplayName>Godly Alchemist Knowledge</DisplayName>
		<Desc>This might be an enlightment by heaven's will, or might have been an accident, who knows. In any case, the divine knowledge fell into your grasp. The knowledge allowed one to refine most potent alchemical elixirs made for the gods themselves.
		\n[size=10]Obtained Manual: [color=#D06508]"Omnipotency"[/color][/size]</Desc>
		<Point>5</Point>
		<Esoterics>
			<li>DeliveryService_Esoterica_ElixirsManual_Omnipotency</li>
		</Esoterics>	
	</Experience>
</List></Experiences>