﻿<?xml version="1.0" encoding="utf-8"?>
<DanFormulas>
  <List>
    <Dan Name="FORMUL_Item_DeliveryServiceGodlyDefenseElixir">
      <SuccessRate>0</SuccessRate>
      <ItemName>Item_DeliveryServiceGodlyDefenseElixir</ItemName>
      <Level>1</Level>
      <Count>0.1</Count>
      <Normal>0</Normal>
    </Dan>
    <Dan Name="FORMUL_Item_DeliveryServiceGodlyStealthElixir">
      <SuccessRate>0</SuccessRate>
      <ItemName>Item_DeliveryServiceGodlyStealthElixir</ItemName>
      <Level>1</Level>
      <Count>0.1</Count>
      <Normal>0</Normal>
    </Dan>
    <Dan Name="FORMUL_Item_DeliveryServiceGodlyRelearnElixir">
      <SuccessRate>0</SuccessRate>
      <ItemName>Item_DeliveryServiceGodlyRelearnElixir</ItemName>
      <Level>1</Level>
      <Count>0.1</Count>
      <Normal>0</Normal>
    </Dan>
    <Dan Name="FORMUL_Item_DeliveryServiceGodlyQiNutrient">
      <SuccessRate>0</SuccessRate>
      <ItemName>Item_DeliveryServiceGodlyQiNutrient</ItemName>
      <Level>1</Level>
      <Count>0.1</Count>
      <Normal>0</Normal>
    </Dan>
    <Dan Name="FORMUL_Item_DeliveryServiceGodlyLearnerElixir">
      <SuccessRate>0</SuccessRate>
      <ItemName>Item_DeliveryServiceGodlyLearnerElixir</ItemName>
      <Level>1</Level>
      <Count>0.1</Count>
      <Normal>0</Normal>
    </Dan>
    <Dan Name="FORMUL_Item_DeliveryServiceGodlySightElixir">
      <SuccessRate>0</SuccessRate>
      <ItemName>Item_DeliveryServiceGodlySightElixir</ItemName>
      <Level>1</Level>
      <Count>0.1</Count>
      <Normal>0</Normal>
    </Dan>
    <Dan Name="FORMUL_Item_DeliveryServiceGodlyPanaceae">
      <SuccessRate>0</SuccessRate>
      <ItemName>Item_DeliveryServiceGodlyPanaceae</ItemName>
      <Level>1</Level>
      <Count>0.1</Count>
      <Normal>0</Normal>
    </Dan>
    <Dan Name="FORMUL_Item_DeliveryServiceGodlyMentalElixir">
      <SuccessRate>0</SuccessRate>
      <ItemName>Item_DeliveryServiceGodlyMentalElixir</ItemName>
      <Level>1</Level>
      <Count>0.1</Count>
      <Normal>0</Normal>
    </Dan>
    <Dan Name="FORMUL_Item_DeliveryServiceGodlyVirtueElixir">
      <SuccessRate>0</SuccessRate>
      <ItemName>Item_DeliveryServiceGodlyVirtueElixir</ItemName>
      <Level>1</Level>
      <Count>0.1</Count>
      <Normal>0</Normal>
    </Dan>
    <Dan Name="FORMUL_Item_DeliveryServiceGodlyStatEnhancer">
      <SuccessRate>0</SuccessRate>
      <ItemName>Item_DeliveryServiceGodlyStatEnhancer</ItemName>
      <Level>1</Level>
      <Count>0.1</Count>
      <Normal>0</Normal>
    </Dan>
    <Dan Name="FORMUL_Item_DeliveryServiceGodlySkillEnhancer">
      <SuccessRate>0</SuccessRate>
      <ItemName>Item_DeliveryServiceGodlySkillEnhancer</ItemName>
      <Level>1</Level>
      <Count>0.1</Count>
      <Normal>0</Normal>
    </Dan>
    <Dan Name="FORMUL_Item_DeliveryServiceGodlyRunnerElixir">
      <SuccessRate>0</SuccessRate>
      <ItemName>Item_DeliveryServiceGodlyRunnerElixir</ItemName>
      <Level>1</Level>
      <Count>0.1</Count>
      <Normal>0</Normal>
    </Dan>
    <Dan Name="FORMUL_Item_DeliveryServiceGodlyHellAdapter">
      <SuccessRate>0</SuccessRate>
      <ItemName>Item_DeliveryServiceGodlyHellAdapter</ItemName>
      <Level>1</Level>
      <Count>0.1</Count>
      <Normal>0</Normal>
    </Dan>
    <Dan Name="FORMUL_Item_DeliveryServiceGodlySoulForger">
      <SuccessRate>0</SuccessRate>
      <ItemName>Item_DeliveryServiceGodlySoulForger</ItemName>
      <Level>1</Level>
      <Count>0.1</Count>
      <Normal>0</Normal>
    </Dan>
    <Dan Name="FORMUL_Item_DeliveryServiceGodlyRebirthElixir">
      <SuccessRate>0</SuccessRate>
      <ItemName>Item_DeliveryServiceGodlyRebirthElixir</ItemName>
      <Level>1</Level>
      <Count>0.1</Count>
      <Normal>0</Normal>
    </Dan>
  </List>
</DanFormulas>