﻿<?xml version="1.0" encoding="utf-8"?>
<ModifierDefs>
  <List>
    <Modifier Name="Modifiers_DeliveryService_Mentalxx">
      <DisplayName>Mental++</DisplayName>
      <Desc>Increases Base Mental state stability speed of mental state change by +10 each permanently. </Desc>
      <MaxStack>0</MaxStack>
      <Duration>-1</Duration>
      <BaseFive>0,0,0,0,0</BaseFive>
      <OtherWorld>1</OtherWorld>
      <Sync>1</Sync>
      <Display>1</Display>
      <Skills />
      <Properties>
        <li Name="MindStateBaseValue" AddP="0" AddV="0" BAddP="0" BAddV="100" Type="3" />
        <li Name="SpeedOfMindStateCoefficient" AddP="0" AddV="0" BAddP="0" BAddV="100" Type="3" />
	<li Name="NutritionConsumeConstant" AddP="-0.1"/>
	<li Name="FatigueConsumeConstant" AddP="-0.1"/>
      </Properties>
      <CustItemType>Dan</CustItemType>
    </Modifier>
    <Modifier Name="Modifiers_DeliveryService_Sightxx">
      <DisplayName>Sight++</DisplayName>
      <Desc>Increases perception radius by +10</Desc>
      <MaxStack>0</MaxStack>
      <Duration>-1</Duration>
      <BaseFive>0,0,0,0,0</BaseFive>
      <OtherWorld>1</OtherWorld>
      <Sync>1</Sync>
      <Display>1</Display>
      <Skills />
      <Properties>
        <li Name="VisionRadius" AddP="0" AddV="0" BAddP="0" BAddV="10" Type="3" />
	<li Name="NutritionConsumeConstant" AddP="-0.1"/>
	<li Name="FatigueConsumeConstant" AddP="-0.1"/>
      </Properties>
      <CustItemType>Dan</CustItemType>
    </Modifier>
    <Modifier Name="Modifiers_DeliveryService_Runxx">
      <DisplayName>Run++</DisplayName>
      <Desc>Increases Move, and Fly Speed by +100%</Desc>
      <MaxStack>0</MaxStack>
      <Duration>-1</Duration>
      <BaseFive>0,0,0,0,0</BaseFive>
      <OtherWorld>1</OtherWorld>
      <Sync>1</Sync>
      <Display>1</Display>
      <Skills />
      <Properties>
        <li Name="MoveSpeed" AddP="0" AddV="0" BAddP="1" BAddV="0" Type="4" />
        <li Name="NpcFight_FabaoFlySpeedAddP" AddP="0" AddV="0" BAddP="1" BAddV="0" Type="4" />
        <li Name="WorldMapFlySpeedAddP" AddP="0" AddV="0" BAddP="1" BAddV="0" Type="4" />
        <li Name="ExperienceFindSpeedAddV" AddP="0" AddV="0" BAddP="1" BAddV="0" Type="4" />
	<li Name="NutritionConsumeConstant" AddP="-0.1"/>
	<li Name="FatigueConsumeConstant" AddP="-0.1"/>
      </Properties>
      <CustItemType>Dan</CustItemType>
    </Modifier>
    <Modifier Name="Modifiers_DeliveryService_Tempxx">
      <DisplayName>Temp++</DisplayName>
      <Desc>Increases Body Temperature Adaptability.</Desc>
      <MaxStack>0</MaxStack>
      <Duration>-1</Duration>
      <BaseFive>0,0,0,0,0</BaseFive>
      <OtherWorld>1</OtherWorld>
      <Sync>1</Sync>
      <Display>1</Display>
      <Skills />
      <Properties>
        <li Name="ComfyTMin" AddP="0" AddV="0" BAddP="0" BAddV="-500" Type="3" />
        <li Name="ToleranceTMin" AddP="0" AddV="0" BAddP="0" BAddV="-500" Type="3" />
        <li Name="ComfyTMax" AddP="0" AddV="0" BAddP="0" BAddV="1500" Type="3" />
        <li Name="ToleranceTMax" AddP="0" AddV="0" BAddP="0" BAddV="1500" Type="3" />
	<li Name="NutritionConsumeConstant" AddP="-0.1"/>
	<li Name="FatigueConsumeConstant" AddP="-0.1"/>
      </Properties>
      <CustItemType>Dan</CustItemType>
    </Modifier>
    <Modifier Name="Modifiers_DeliveryService_Skillxx">
      <DisplayName>Skill++</DisplayName>
      <Desc>Increases all skills proficiency by +100</Desc>
      <MaxStack>0</MaxStack>
      <Duration>-1</Duration>
      <BaseFive>0,0,0,0,0</BaseFive>
      <OtherWorld>1</OtherWorld>
      <Sync>1</Sync>
      <Display>1</Display>
      <Skills>
        <li Name="Fight" Level="100" LevelOver="100" Type="1" />
        <li Name="Qi" Level="100" LevelOver="100" Type="1" />
        <li Name="SocialContact" Level="100" LevelOver="100" Type="1" />
        <li Name="Medicine" Level="0" LevelOver="100" Type="1" />
        <li Name="Cooking" Level="0" LevelOver="100" Type="2" />
        <li Name="Building" Level="0" LevelOver="100" Type="1" />
        <li Name="Farming" Level="0" LevelOver="100" Type="1" />
        <li Name="Mining" Level="0" LevelOver="100" Type="1" />
        <li Name="Art" Level="0" LevelOver="100" Type="1" />
        <li Name="Manual" Level="0" LevelOver="100" Type="1" />
        <li Name="DouFa" Level="0" LevelOver="100" Type="1" />
        <li Name="DanQi" Level="0" LevelOver="100" Type="1" />
        <li Name="Fabao" Level="0" LevelOver="100" Type="1" />
        <li Name="FightSkill" Level="0" LevelOver="100" Type="1" />
        <li Name="Barrier" Level="0" LevelOver="100" Type="1" />
        <li Name="Zhen" Level="0" LevelOver="100" Type="1" />
      </Skills>
      <Properties />
      <CustItemType>Dan</CustItemType>
    </Modifier>
    <Modifier Name="Modifiers_DeliveryService_DefGear">
      <DisplayName>Def. Gear</DisplayName>
      <Desc>Increase Battle Skill and Protection skill by +5 each (not limited by max skill value limit).</Desc>
      <MaxStack>0</MaxStack>
      <Duration>-1</Duration>
      <BaseFive>0,0,0,0,0</BaseFive>
      <OtherWorld>1</OtherWorld>
      <Sync>1</Sync>
      <FromModifier>49423f3b-1427-4f02-b047-37a872786006</FromModifier>
      <Skills>
        <li Name="Fight" Level="0" LevelOver="5" Type="2" />
        <li Name="Barrier" Level="0" LevelOver="5" Type="2" />
      </Skills>
      <Properties />
      <CustItemType>OtherEquip</CustItemType>
    </Modifier>
    <Modifier Name="Modifiers_DeliveryService_Virtuexx">
      <DisplayName>Virtue++</DisplayName>
      <Desc>Increases Virtue by +1 and extends tribulation day by 1 years or 113 days.</Desc>
      <MaxStack>0</MaxStack>
      <Duration>-1</Duration>
      <BaseFive>0,0,0,0,0</BaseFive>
      <OtherWorld>1</OtherWorld>
      <Sync>1</Sync>
      <Display>1</Display>
      <Skills />
      <Properties>
        <li Name="GodPenaltyAddV" AddP="0" AddV="0" BAddP="0" BAddV="-1" Type="3" />
        <li Name="NeckCountdownAddV" AddP="0" AddV="67800" BAddP="0" BAddV="0" Type="1" />
      </Properties>
      <CustItemType>Dan</CustItemType>
    </Modifier>
    <Modifier Name="Modifiers_DeliveryService_Toughxx">
      <DisplayName>Tough++</DisplayName>
      <Desc>Increases body natural resilience, and pain tolerance by 10x each Also Increases Qi Protecton for Inner Disciple by +10 (not limited by skill cap).</Desc>
      <MaxStack>0</MaxStack>
      <Duration>-1</Duration>
      <BaseFive>0,0,0,0,0</BaseFive>
      <OtherWorld>1</OtherWorld>
      <Sync>1</Sync>
      <Display>1</Display>
      <Skills>
        <li Name="Barrier" Level="0" LevelOver="10" Type="2" />
      </Skills>
      <Properties>
        <li Name="RecoveryPower" AddP="0" AddV="0" BAddP="10" BAddV="0" Type="4" />
        <li Name="PainTolerance" AddP="0" AddV="0" BAddP="10" BAddV="0" Type="4" />
	<li Name="NutritionConsumeConstant" AddP="-0.1"/>
	<li Name="FatigueConsumeConstant" AddP="-0.1"/>
      </Properties>
      <CustItemType>Dan</CustItemType>
    </Modifier>
    <Modifier Name="Modifiers_DeliveryService_Statxx">
      <DisplayName>Stat++</DisplayName>
      <Desc>permanently increases Perception, Constitution, Charisma, and Intelligence and Luck by +10, also raise Potential by +10.</Desc>
      <MaxStack>0</MaxStack>
      <Duration>-1</Duration>
      <BaseFive>10,10,10,10,10</BaseFive>
      <OtherWorld>1</OtherWorld>
      <Sync>1</Sync>
      <Display>1</Display>
      <Skills />
      <Properties>
        <li Name="PotentialOfBasepracticeAddValue" AddP="0" AddV="0" BAddP="0" BAddV="10" Type="3" />
      </Properties>
      <CustItemType>Dan</CustItemType>
    </Modifier>
    <Modifier Name="Modifiers_DeliveryService_MaxQixx">
      <DisplayName>MaxQi++</DisplayName>
      <Desc>Permanently increases Xiandao cultivator's base Max Qi by 10%, Artifact Qi recovery by +10% and All cultivator Qi Absorption Efficiency by 100%. For body cultivator, it only works before promotion to inner disciple. </Desc>
      <MaxStack>0</MaxStack>
      <Duration>-1</Duration>
      <BaseFive>0,0,0,0,0</BaseFive>
      <OtherWorld>1</OtherWorld>
      <Sync>1</Sync>
      <Display>1</Display>
      <Skills />
      <Properties>
        <li Name="NpcLingMaxValue" AddP="0" AddV="0" BAddP="0.1" BAddV="0" Type="4" />
        <li Name="BodyPratice_MaxZhenQi" AddP="0" AddV="0" BAddP="0.1" BAddV="0" Type="4" />
       <li Name="LingAbsorbSpeed" AddP="0" AddV="0" BAddP="1" BAddV="0" Type="4" />
       <li Name="GodPractice_LingConvert" AddP="0" AddV="0" BAddP="1" BAddV="0" Type="4" />
       <li Name="BodyPratice_RecoverZhenQi" AddP="0" AddV="0" BAddP="1" BAddV="0" Type="4" />
        <li Name="BodyPratice_DefenseRecoverZhenQi" AddP="0" AddV="0" BAddP="1" BAddV="0" Type="4" />
        <li Name="NutritionWaterAutoRecover" AddP="0" AddV="0" BAddP="1" BAddV="0" Type="4" />
        <li Name="NpcFight_FabaoLingRecoverAddP" AddP="0" AddV="0" BAddP="0.1" BAddV="0" Type="4" />
	<li Name="NutritionConsumeConstant" AddP="-0.1"/>
	<li Name="FatigueConsumeConstant" AddP="-0.1"/>
      </Properties>
      <CustItemType>Dan</CustItemType>
    </Modifier>
    <Modifier Name="Modifiers_DeliveryService_Learnxx">
      <DisplayName>Learn++</DisplayName>
      <Desc>Increases foundation training speed and core practitioner learning speed by 10x each</Desc>
      <MaxStack>0</MaxStack>
      <Duration>-1</Duration>
      <BaseFive>0,0,0,0,0</BaseFive>
      <OtherWorld>1</OtherWorld>
      <Sync>1</Sync>
      <Display>1</Display>
      <Skills />
      <Properties>
        <li Name="IntelligenceSkillEXPConstant" AddP="0" AddV="0" BAddP="10" BAddV="0" Type="4" />
        <li Name="BasepracticeSpeedCoefficient" AddP="0" AddV="0" BAddP="10" BAddV="0" Type="4" />
	<li Name="NutritionConsumeConstant" AddP="-0.1"/>
	<li Name="FatigueConsumeConstant" AddP="-0.1"/>
      </Properties>
      <CustItemType>Dan</CustItemType>
    </Modifier>
    <Modifier Name="Modifiers_DeliveryService_Stealthxx">
      <DisplayName>Stealth++</DisplayName>
      <Desc>Increases Stealth by +10</Desc>
      <MaxStack>0</MaxStack>
      <Duration>-1</Duration>
      <BaseFive>0,0,0,0,0</BaseFive>
      <OtherWorld>1</OtherWorld>
      <Sync>1</Sync>
      <Display>1</Display>
      <Skills />
      <Properties>
        <li Name="NpcFight_SneakValue" AddP="0" AddV="0" BAddP="0" BAddV="100" Type="3" />
	<li Name="NutritionConsumeConstant" AddP="-0.1"/>
	<li Name="FatigueConsumeConstant" AddP="-0.1"/>
      </Properties>
      <CustItemType>Dan</CustItemType>
    </Modifier>
    <Modifier Name="Modifiers_DeliveryService_Relearnxx">
      <DisplayName>Relearn++</DisplayName>
      <Desc>Reduce attainment by 100. </Desc>
      <MaxStack>0</MaxStack>
      <Duration>-1</Duration>
      <BaseFive>0,0,0,0,0</BaseFive>
      <OtherWorld>1</OtherWorld>
      <Sync>1</Sync>
      <Display>1</Display>
      <Properties>
        <li Name="AbilityLvAddV" AddP="0" AddV="0" BAddP="0" BAddV="-100" Type="3" />
	<li Name="NutritionConsumeConstant" AddP="-0.1"/>
	<li Name="FatigueConsumeConstant" AddP="-0.1"/>
      </Properties>
      <CustItemType>Dan</CustItemType>
    </Modifier>
  </List>
</ModifierDefs>