﻿<?xml version="1.0" encoding="utf-8"?>
<Esotericas>
  <List>
    <Esoterica Name="DeliveryService_Esoterica_ElixirsManual_Omnipotency">
      <DisplayName>Omnipotency</DisplayName>
      <EffectDesc>Contains powerful methods for creating godly alchemical substances.</EffectDesc>
      <Difficulty>1</Difficulty>
      <StarLevel>0</StarLevel>
      <OtherWorld>1</OtherWorld>
      <GLevel>Qi</GLevel>
      <Element>None</Element>
      <Type>Dan</Type>
      <Dans>
        <li>FORMUL_Item_DeliveryServiceGodlyDefenseElixir</li>
        <li>FORMUL_Item_DeliveryServiceGodlyStealthElixir</li>
        <li>FORMUL_Item_DeliveryServiceGodlyRelearnElixir</li>
        <li>FORMUL_Item_DeliveryServiceGodlyQiNutrient</li>
        <li>FORMUL_Item_DeliveryServiceGodlyLearnerElixir</li>
        <li>FORMUL_Item_DeliveryServiceGodlySightElixir</li>
        <li>FORMUL_Item_DeliveryServiceGodlyPanaceae</li>
        <li>FORMUL_Item_DeliveryServiceGodlyMentalElixir</li>
        <li>FORMUL_Item_DeliveryServiceGodlyVirtueElixir</li>
        <li>FORMUL_Item_DeliveryServiceGodlyStatEnhancer</li>
        <li>FORMUL_Item_DeliveryServiceGodlySkillEnhancer</li>
        <li>FORMUL_Item_DeliveryServiceGodlyRunnerElixir</li>
        <li>FORMUL_Item_DeliveryServiceGodlyHellAdapter</li>
        <li>FORMUL_Item_DeliveryServiceGodlySoulForger</li>
        <li>FORMUL_Item_DeliveryServiceGodlyRebirthElixir</li>
      </Dans>
      <ProduceMode>
        <WorldDrop>1</WorldDrop>
        <DropRate>0.5</DropRate>
      </ProduceMode>
    </Esoterica>
  </List>
</Esotericas>