{
 "Name":"DeliveryService_OmnipotencyElixirs",
  "DisplayName":"Immortal Candies",
  "GameVersion":1.07,
  "Version":2.2,
  "Desc":"[Author/作者]\r\n    deliveryservice\r\n[Description/简介]\r\n\nAdded most potent pills/elixirs that can be learnt from the new Omnipotency Manual. It can be obtained as random secret. All recipes use spirit stone and crystal.\n(Late Game Items)",
  "Author":"DeliveryService",
  "UIPackage":null,
  "ID":"2299687281",
  "Flag":1869501623,
  "Tags":["Non-Chinese"],
  "IncreasedDesc":"1.4 - Fixed Attainment modifier for Godly Relearn Pill. Now properly reduce attainment by 100. No reverse.\n1.5 - Added 1 year (113days) Tribulation extension for Godly Virtue Elixir\n1.8 - Fixed typo, changed 10 years to 1 year tribulation delay for Godly Virtue Elixir.\n1.9 - added new starting option.\n2.0 - fixed formating for the starting option. \n\nThis mod locates in the Mods folder under where you install this game.",
  "IsInsideCreat":false,"
  Previews":[], 
  "Dependencies": null, 
  "ParentModInfo":null
}